season,stat_category,stat_id,,,Team,Played,stat_total,source_url
2025,Tries,38,1,,Storm,27,129,https://www.nrl.com/stats/teams/?competition=111&season=2025&stat=38
2025,Tries,38,2,,Broncos,27,127,https://www.nrl.com/stats/teams/?competition=111&season=2025&stat=38
2025,Tries,38,3,,Dolphins,24,121,https://www.nrl.com/stats/teams/?competition=111&season=2025&stat=38
2025,Tries,38,4,,Raiders,26,120,https://www.nrl.com/stats/teams/?competition=111&season=2025&stat=38
2025,Tries,38,5,,Sharks,27,115,https://www.nrl.com/stats/teams/?competition=111&season=2025&stat=38
2025,Tries,38,6,,Roosters,25,114,https://www.nrl.com/stats/teams/?competition=111&season=2025&stat=38
2025,Tries,38,7,,Panthers,27,113,https://www.nrl.com/stats/teams/?competition=111&season=2025&stat=38
2025,Tries,38,8,,Bulldogs,26,99,https://www.nrl.com/stats/teams/?competition=111&season=2025&stat=38
2025,Tries,38,9,,Sea Eagles,24,97,https://www.nrl.com/stats/teams/?competition=111&season=2025&stat=38
2025,Tries,38,10,,Cowboys,24,94,https://www.nrl.com/stats/teams/?competition=111&season=2025&stat=38
2025,Tries,38,11,,Titans,24,92,https://www.nrl.com/stats/teams/?competition=111&season=2025&stat=38
2025,Tries,38,12,,Warriors,25,92,https://www.nrl.com/stats/teams/?competition=111&season=2025&stat=38
2025,Tries,38,13,,Eels,24,89,https://www.nrl.com/stats/teams/?competition=111&season=2025&stat=38
2025,Tries,38,14,,Dragons,24,86,https://www.nrl.com/stats/teams/?competition=111&season=2025&stat=38
2025,Tries,38,15,,Wests Tigers,24,83,https://www.nrl.com/stats/teams/?competition=111&season=2025&stat=38
2025,Tries,38,16,,Rabbitohs,24,77,https://www.nrl.com/stats/teams/?competition=111&season=2025&stat=38
2025,Tries,38,17,,Knights,24,61,https://www.nrl.com/stats/teams/?competition=111&season=2025&stat=38
