season,stat_category,stat_id,,,Player,Played,Handling Errors,source_url
2025,Handelling Errors,1000079,1,,ZacLomaxEels,19,40,https://www.nrl.com/stats/players/?competition=111&season=2025&stat=1000079
2025,Handelling Errors,1000079,2,,ReeceWalshBroncos,21,39,https://www.nrl.com/stats/players/?competition=111&season=2025&stat=1000079
2025,Handelling Errors,1000079,3,,MarkNawaqanitawaseRoosters,23,38,https://www.nrl.com/stats/players/?competition=111&season=2025&stat=1000079
2025,Handelling Errors,1000079,4,,RonaldoMulitaloSharks,26,36,https://www.nrl.com/stats/players/?competition=111&season=2025&stat=1000079
2025,Handelling Errors,1000079,5,,RobertDerbyCowboys,17,35,https://www.nrl.com/stats/players/?competition=111&season=2025&stat=1000079
2025,Handelling Errors,1000079,6,,XavierSavageRaiders,21,35,https://www.nrl.com/stats/players/?competition=111&season=2025&stat=1000079
2025,Handelling Errors,1000079,7,,JamesTedescoRoosters,25,34,https://www.nrl.com/stats/players/?competition=111&season=2025&stat=1000079
2025,Handelling Errors,1000079,8,,ScottDrinkwaterCowboys,24,33,https://www.nrl.com/stats/players/?competition=111&season=2025&stat=1000079
2025,Handelling Errors,1000079,9,,JahreamBulaWests Tigers,18,33,https://www.nrl.com/stats/players/?competition=111&season=2025&stat=1000079
2025,Handelling Errors,1000079,10,,WilliamKennedySharks,27,31,https://www.nrl.com/stats/players/?competition=111&season=2025&stat=1000079
2025,Handelling Errors,1000079,11,,TomTrbojevicSea Eagles,18,31,https://www.nrl.com/stats/players/?competition=111&season=2025&stat=1000079
2025,Handelling Errors,1000079,12,,JacobKirazBulldogs,19,31,https://www.nrl.com/stats/players/?competition=111&season=2025&stat=1000079
2025,Handelling Errors,1000079,13,,EliesaKatoaStorm,26,30,https://www.nrl.com/stats/players/?competition=111&season=2025&stat=1000079
2025,Handelling Errors,1000079,14,,DaneGagaiKnights,24,29,https://www.nrl.com/stats/players/?competition=111&season=2025&stat=1000079
2025,Handelling Errors,1000079,15,,JeremiahNanaiCowboys,21,28,https://www.nrl.com/stats/players/?competition=111&season=2025&stat=1000079
2025,Handelling Errors,1000079,16,,RyanPapenhuyzenStorm,21,28,https://www.nrl.com/stats/players/?competition=111&season=2025&stat=1000079
2025,Handelling Errors,1000079,17,,JasonSaabSea Eagles,20,28,https://www.nrl.com/stats/players/?competition=111&season=2025&stat=1000079
2025,Handelling Errors,1000079,18,,FletcherHuntKnights,12,27,https://www.nrl.com/stats/players/?competition=111&season=2025&stat=1000079
2025,Handelling Errors,1000079,19,,DylanEdwardsPanthers,20,27,https://www.nrl.com/stats/players/?competition=111&season=2025&stat=1000079
2025,Handelling Errors,1000079,20,,ClintonGuthersonDragons,24,26,https://www.nrl.com/stats/players/?competition=111&season=2025&stat=1000079
2025,Handelling Errors,1000079,21,,KotoniStaggsBroncos,24,26,https://www.nrl.com/stats/players/?competition=111&season=2025&stat=1000079
2025,Handelling Errors,1000079,22,,KaeoWeekesRaiders,25,26,https://www.nrl.com/stats/players/?competition=111&season=2025&stat=1000079
2025,Handelling Errors,1000079,23,,GregMarzhewKnights,18,25,https://www.nrl.com/stats/players/?competition=111&season=2025&stat=1000079
2025,Handelling Errors,1000079,24,,TyrellSloanDragons,20,25,https://www.nrl.com/stats/players/?competition=111&season=2025&stat=1000079
2025,Handelling Errors,1000079,25,,WillPenisiniEels,20,24,https://www.nrl.com/stats/players/?competition=111&season=2025&stat=1000079
2025,Handelling Errors,1000079,26,,GrantAndersonStorm,24,24,https://www.nrl.com/stats/players/?competition=111&season=2025&stat=1000079
2025,Handelling Errors,1000079,27,,DanielTupouRoosters,24,24,https://www.nrl.com/stats/players/?competition=111&season=2025&stat=1000079
2025,Handelling Errors,1000079,28,,KalynPongaKnights,13,24,https://www.nrl.com/stats/players/?competition=111&season=2025&stat=1000079
2025,Handelling Errors,1000079,29,,AJBrimsonTitans,23,23,https://www.nrl.com/stats/players/?competition=111&season=2025&stat=1000079
2025,Handelling Errors,1000079,30,,BrianKellyTitans,21,23,https://www.nrl.com/stats/players/?competition=111&season=2025&stat=1000079
2025,Handelling Errors,1000079,31,,SavelioTamaleRaiders,18,23,https://www.nrl.com/stats/players/?competition=111&season=2025&stat=1000079
2025,Handelling Errors,1000079,32,,LiamMartinPanthers,21,23,https://www.nrl.com/stats/players/?competition=111&season=2025&stat=1000079
2025,Handelling Errors,1000079,33,,RobertToiaRoosters,22,22,https://www.nrl.com/stats/players/?competition=111&season=2025&stat=1000079
2025,Handelling Errors,1000079,34,,LekaHalasimaWarriors,25,22,https://www.nrl.com/stats/players/?competition=111&season=2025&stat=1000079
2025,Handelling Errors,1000079,35,,JamesSchillerKnights,17,22,https://www.nrl.com/stats/players/?competition=111&season=2025&stat=1000079
2025,Handelling Errors,1000079,36,,BeauFermorTitans,24,22,https://www.nrl.com/stats/players/?competition=111&season=2025&stat=1000079
2025,Handelling Errors,1000079,37,,GehamatShibasakiBroncos,25,22,https://www.nrl.com/stats/players/?competition=111&season=2025&stat=1000079
2025,Handelling Errors,1000079,38,,JaxonPurdueCowboys,24,22,https://www.nrl.com/stats/players/?competition=111&season=2025&stat=1000079
2025,Handelling Errors,1000079,39,,TolutauKoulaSea Eagles,22,21,https://www.nrl.com/stats/players/?competition=111&season=2025&stat=1000079
2025,Handelling Errors,1000079,40,,BlaizeTalagiPanthers,22,21,https://www.nrl.com/stats/players/?competition=111&season=2025&stat=1000079
2025,Handelling Errors,1000079,41,,PaulAlamotiPanthers,19,21,https://www.nrl.com/stats/players/?competition=111&season=2025&stat=1000079
2025,Handelling Errors,1000079,42,,SandonSmithRoosters,17,21,https://www.nrl.com/stats/players/?competition=111&season=2025&stat=1000079
2025,Handelling Errors,1000079,43,,MattBurtonBulldogs,21,21,https://www.nrl.com/stats/players/?competition=111&season=2025&stat=1000079
2025,Handelling Errors,1000079,44,,NicholasHynesSharks,27,21,https://www.nrl.com/stats/players/?competition=111&season=2025&stat=1000079
2025,Handelling Errors,1000079,45,,IsaiahIongiEels,21,21,https://www.nrl.com/stats/players/?competition=111&season=2025&stat=1000079
2025,Handelling Errors,1000079,46,,LehiHopoateSea Eagles,22,20,https://www.nrl.com/stats/players/?competition=111&season=2025&stat=1000079
2025,Handelling Errors,1000079,47,,ReubenGarrickSea Eagles,21,20,https://www.nrl.com/stats/players/?competition=111&season=2025&stat=1000079
2025,Handelling Errors,1000079,48,,CaseyMcLeanPanthers,23,20,https://www.nrl.com/stats/players/?competition=111&season=2025&stat=1000079
2025,Handelling Errors,1000079,49,,JaydenCampbellTitans,20,20,https://www.nrl.com/stats/players/?competition=111&season=2025&stat=1000079
2025,Handelling Errors,1000079,50,,JamayneIsaakoDolphins,24,20,https://www.nrl.com/stats/players/?competition=111&season=2025&stat=1000079
