season,stat_category,stat_id,category_rank,Team,Played,stat_total,game_avg,source_url
2025,All Kicks,33,1,Panthers,27,659,24.407,https://www.nrl.com/stats/teams/?competition=111&season=2025&stat=33
2025,All Kicks,33,2,Storm,27,599,22.185,https://www.nrl.com/stats/teams/?competition=111&season=2025&stat=33
2025,All Kicks,33,3,Bulldogs,26,573,22.038,https://www.nrl.com/stats/teams/?competition=111&season=2025&stat=33
2025,All Kicks,33,4,Sharks,27,564,20.889,https://www.nrl.com/stats/teams/?competition=111&season=2025&stat=33
2025,All Kicks,33,5,Broncos,27,563,20.852,https://www.nrl.com/stats/teams/?competition=111&season=2025&stat=33
2025,All Kicks,33,6,Raiders,26,534,20.538,https://www.nrl.com/stats/teams/?competition=111&season=2025&stat=33
2025,All Kicks,33,7,Warriors,25,533,21.320,https://www.nrl.com/stats/teams/?competition=111&season=2025&stat=33
2025,All Kicks,33,8,Rabbitohs,24,532,22.167,https://www.nrl.com/stats/teams/?competition=111&season=2025&stat=33
2025,All Kicks,33,9,Sea Eagles,24,528,22.000,https://www.nrl.com/stats/teams/?competition=111&season=2025&stat=33
2025,All Kicks,33,10,Eels,24,509,21.208,https://www.nrl.com/stats/teams/?competition=111&season=2025&stat=33
2025,All Kicks,33,11,Roosters,25,494,19.760,https://www.nrl.com/stats/teams/?competition=111&season=2025&stat=33
2025,All Kicks,33,12,Knights,24,494,20.583,https://www.nrl.com/stats/teams/?competition=111&season=2025&stat=33
2025,All Kicks,33,13,Titans,24,494,20.583,https://www.nrl.com/stats/teams/?competition=111&season=2025&stat=33
2025,All Kicks,33,14,Wests Tigers,24,485,20.208,https://www.nrl.com/stats/teams/?competition=111&season=2025&stat=33
2025,All Kicks,33,15,Cowboys,24,471,19.625,https://www.nrl.com/stats/teams/?competition=111&season=2025&stat=33
2025,All Kicks,33,16,Dolphins,24,454,18.917,https://www.nrl.com/stats/teams/?competition=111&season=2025&stat=33
2025,All Kicks,33,17,Dragons,24,447,18.625,https://www.nrl.com/stats/teams/?competition=111&season=2025&stat=33
2025,All Runs,1000038,1,Panthers,27,5444,201.630,https://www.nrl.com/stats/teams/?competition=111&season=2025&stat=1000038
2025,All Runs,1000038,2,Sharks,27,5283,195.667,https://www.nrl.com/stats/teams/?competition=111&season=2025&stat=1000038
2025,All Runs,1000038,3,Storm,27,5064,187.556,https://www.nrl.com/stats/teams/?competition=111&season=2025&stat=1000038
2025,All Runs,1000038,4,Bulldogs,26,5050,194.231,https://www.nrl.com/stats/teams/?competition=111&season=2025&stat=1000038
2025,All Runs,1000038,5,Broncos,27,4884,180.889,https://www.nrl.com/stats/teams/?competition=111&season=2025&stat=1000038
2025,All Runs,1000038,6,Raiders,26,4707,181.038,https://www.nrl.com/stats/teams/?competition=111&season=2025&stat=1000038
2025,All Runs,1000038,7,Dolphins,24,4607,191.958,https://www.nrl.com/stats/teams/?competition=111&season=2025&stat=1000038
2025,All Runs,1000038,8,Sea Eagles,24,4590,191.250,https://www.nrl.com/stats/teams/?competition=111&season=2025&stat=1000038
2025,All Runs,1000038,9,Roosters,25,4545,181.800,https://www.nrl.com/stats/teams/?competition=111&season=2025&stat=1000038
2025,All Runs,1000038,10,Rabbitohs,24,4492,187.167,https://www.nrl.com/stats/teams/?competition=111&season=2025&stat=1000038
2025,All Runs,1000038,11,Warriors,25,4471,178.840,https://www.nrl.com/stats/teams/?competition=111&season=2025&stat=1000038
2025,All Runs,1000038,12,Wests Tigers,24,4468,186.167,https://www.nrl.com/stats/teams/?competition=111&season=2025&stat=1000038
2025,All Runs,1000038,13,Cowboys,24,4434,184.750,https://www.nrl.com/stats/teams/?competition=111&season=2025&stat=1000038
2025,All Runs,1000038,14,Knights,24,4407,183.625,https://www.nrl.com/stats/teams/?competition=111&season=2025&stat=1000038
2025,All Runs,1000038,15,Eels,24,4397,183.208,https://www.nrl.com/stats/teams/?competition=111&season=2025&stat=1000038
2025,All Runs,1000038,16,Dragons,24,4352,181.333,https://www.nrl.com/stats/teams/?competition=111&season=2025&stat=1000038
2025,All Runs,1000038,17,Titans,24,4218,175.750,https://www.nrl.com/stats/teams/?competition=111&season=2025&stat=1000038
2025,Errors,37,1,Roosters,25,327,13.080,https://www.nrl.com/stats/teams/?competition=111&season=2025&stat=37
2025,Errors,37,2,Cowboys,24,316,13.167,https://www.nrl.com/stats/teams/?competition=111&season=2025&stat=37
2025,Errors,37,3,Knights,24,306,12.750,https://www.nrl.com/stats/teams/?competition=111&season=2025&stat=37
2025,Errors,37,4,Storm,27,305,11.296,https://www.nrl.com/stats/teams/?competition=111&season=2025&stat=37
2025,Errors,37,5,Panthers,27,303,11.222,https://www.nrl.com/stats/teams/?competition=111&season=2025&stat=37
2025,Errors,37,6,Broncos,27,298,11.037,https://www.nrl.com/stats/teams/?competition=111&season=2025&stat=37
2025,Errors,37,7,Sharks,27,297,11.000,https://www.nrl.com/stats/teams/?competition=111&season=2025&stat=37
2025,Errors,37,8,Eels,24,284,11.833,https://www.nrl.com/stats/teams/?competition=111&season=2025&stat=37
2025,Errors,37,9,Bulldogs,26,278,10.692,https://www.nrl.com/stats/teams/?competition=111&season=2025&stat=37
2025,Errors,37,10,Raiders,26,268,10.308,https://www.nrl.com/stats/teams/?competition=111&season=2025&stat=37
2025,Errors,37,11,Sea Eagles,24,267,11.125,https://www.nrl.com/stats/teams/?competition=111&season=2025&stat=37
2025,Errors,37,12,Titans,24,259,10.792,https://www.nrl.com/stats/teams/?competition=111&season=2025&stat=37
2025,Errors,37,13,Warriors,25,250,10.000,https://www.nrl.com/stats/teams/?competition=111&season=2025&stat=37
2025,Errors,37,14,Wests Tigers,24,248,10.333,https://www.nrl.com/stats/teams/?competition=111&season=2025&stat=37
2025,Errors,37,15,Dolphins,24,244,10.167,https://www.nrl.com/stats/teams/?competition=111&season=2025&stat=37
2025,Errors,37,16,Dragons,24,242,10.083,https://www.nrl.com/stats/teams/?competition=111&season=2025&stat=37
2025,Errors,37,17,Rabbitohs,24,232,9.667,https://www.nrl.com/stats/teams/?competition=111&season=2025&stat=37
2025,Goals,1000034,1,Broncos,27,120,4.444,https://www.nrl.com/stats/teams/?competition=111&season=2025&stat=1000034
2025,Goals,1000034,2,Dolphins,24,118,4.917,https://www.nrl.com/stats/teams/?competition=111&season=2025&stat=1000034
2025,Goals,1000034,3,Storm,27,112,4.148,https://www.nrl.com/stats/teams/?competition=111&season=2025&stat=1000034
2025,Goals,1000034,4,Raiders,26,107,4.115,https://www.nrl.com/stats/teams/?competition=111&season=2025&stat=1000034
2025,Goals,1000034,5,Roosters,25,103,4.120,https://www.nrl.com/stats/teams/?competition=111&season=2025&stat=1000034
2025,Goals,1000034,6,Panthers,27,103,3.815,https://www.nrl.com/stats/teams/?competition=111&season=2025&stat=1000034
2025,Goals,1000034,7,Sharks,27,101,3.741,https://www.nrl.com/stats/teams/?competition=111&season=2025&stat=1000034
2025,Goals,1000034,8,Bulldogs,26,91,3.500,https://www.nrl.com/stats/teams/?competition=111&season=2025&stat=1000034
2025,Goals,1000034,9,Sea Eagles,24,83,3.458,https://www.nrl.com/stats/teams/?competition=111&season=2025&stat=1000034
2025,Goals,1000034,10,Cowboys,24,81,3.375,https://www.nrl.com/stats/teams/?competition=111&season=2025&stat=1000034
2025,Goals,1000034,11,Warriors,25,78,3.120,https://www.nrl.com/stats/teams/?competition=111&season=2025&stat=1000034
2025,Goals,1000034,12,Dragons,24,77,3.208,https://www.nrl.com/stats/teams/?competition=111&season=2025&stat=1000034
2025,Goals,1000034,13,Titans,24,76,3.167,https://www.nrl.com/stats/teams/?competition=111&season=2025&stat=1000034
2025,Goals,1000034,14,Wests Tigers,24,72,3.000,https://www.nrl.com/stats/teams/?competition=111&season=2025&stat=1000034
2025,Goals,1000034,15,Eels,24,72,3.000,https://www.nrl.com/stats/teams/?competition=111&season=2025&stat=1000034
2025,Goals,1000034,16,Rabbitohs,24,58,2.417,https://www.nrl.com/stats/teams/?competition=111&season=2025&stat=1000034
2025,Goals,1000034,17,Knights,24,46,1.917,https://www.nrl.com/stats/teams/?competition=111&season=2025&stat=1000034
2025,Handelling Errors,1000079,1,Roosters,25,293,11.720,https://www.nrl.com/stats/teams/?competition=111&season=2025&stat=1000079
2025,Handelling Errors,1000079,2,Cowboys,24,270,11.250,https://www.nrl.com/stats/teams/?competition=111&season=2025&stat=1000079
2025,Handelling Errors,1000079,3,Knights,24,263,10.958,https://www.nrl.com/stats/teams/?competition=111&season=2025&stat=1000079
2025,Handelling Errors,1000079,4,Sharks,27,255,9.444,https://www.nrl.com/stats/teams/?competition=111&season=2025&stat=1000079
2025,Handelling Errors,1000079,5,Broncos,27,248,9.185,https://www.nrl.com/stats/teams/?competition=111&season=2025&stat=1000079
2025,Handelling Errors,1000079,6,Storm,27,243,9.000,https://www.nrl.com/stats/teams/?competition=111&season=2025&stat=1000079
2025,Handelling Errors,1000079,7,Panthers,27,240,8.889,https://www.nrl.com/stats/teams/?competition=111&season=2025&stat=1000079
2025,Handelling Errors,1000079,8,Raiders,26,239,9.192,https://www.nrl.com/stats/teams/?competition=111&season=2025&stat=1000079
2025,Handelling Errors,1000079,9,Eels,24,238,9.917,https://www.nrl.com/stats/teams/?competition=111&season=2025&stat=1000079
2025,Handelling Errors,1000079,10,Sea Eagles,24,236,9.833,https://www.nrl.com/stats/teams/?competition=111&season=2025&stat=1000079
2025,Handelling Errors,1000079,11,Titans,24,235,9.792,https://www.nrl.com/stats/teams/?competition=111&season=2025&stat=1000079
2025,Handelling Errors,1000079,12,Bulldogs,26,233,8.962,https://www.nrl.com/stats/teams/?competition=111&season=2025&stat=1000079
2025,Handelling Errors,1000079,13,Wests Tigers,24,224,9.333,https://www.nrl.com/stats/teams/?competition=111&season=2025&stat=1000079
2025,Handelling Errors,1000079,14,Dolphins,24,208,8.667,https://www.nrl.com/stats/teams/?competition=111&season=2025&stat=1000079
2025,Handelling Errors,1000079,15,Dragons,24,204,8.500,https://www.nrl.com/stats/teams/?competition=111&season=2025&stat=1000079
2025,Handelling Errors,1000079,16,Warriors,25,202,8.080,https://www.nrl.com/stats/teams/?competition=111&season=2025&stat=1000079
2025,Handelling Errors,1000079,17,Rabbitohs,24,192,8.000,https://www.nrl.com/stats/teams/?competition=111&season=2025&stat=1000079
2025,Ineffective Tackles,1000003,1,Sharks,27,479,17.741,https://www.nrl.com/stats/teams/?competition=111&season=2025&stat=1000003
2025,Ineffective Tackles,1000003,2,Knights,24,435,18.125,https://www.nrl.com/stats/teams/?competition=111&season=2025&stat=1000003
2025,Ineffective Tackles,1000003,3,Rabbitohs,24,431,17.958,https://www.nrl.com/stats/teams/?competition=111&season=2025&stat=1000003
2025,Ineffective Tackles,1000003,4,Cowboys,24,421,17.542,https://www.nrl.com/stats/teams/?competition=111&season=2025&stat=1000003
2025,Ineffective Tackles,1000003,5,Bulldogs,26,419,16.115,https://www.nrl.com/stats/teams/?competition=111&season=2025&stat=1000003
2025,Ineffective Tackles,1000003,6,Panthers,27,406,15.037,https://www.nrl.com/stats/teams/?competition=111&season=2025&stat=1000003
2025,Ineffective Tackles,1000003,7,Storm,27,388,14.370,https://www.nrl.com/stats/teams/?competition=111&season=2025&stat=1000003
2025,Ineffective Tackles,1000003,8,Titans,24,380,15.833,https://www.nrl.com/stats/teams/?competition=111&season=2025&stat=1000003
2025,Ineffective Tackles,1000003,9,Broncos,27,379,14.037,https://www.nrl.com/stats/teams/?competition=111&season=2025&stat=1000003
2025,Ineffective Tackles,1000003,10,Dolphins,24,378,15.750,https://www.nrl.com/stats/teams/?competition=111&season=2025&stat=1000003
2025,Ineffective Tackles,1000003,11,Warriors,25,372,14.880,https://www.nrl.com/stats/teams/?competition=111&season=2025&stat=1000003
2025,Ineffective Tackles,1000003,12,Sea Eagles,24,355,14.792,https://www.nrl.com/stats/teams/?competition=111&season=2025&stat=1000003
2025,Ineffective Tackles,1000003,13,Roosters,25,351,14.040,https://www.nrl.com/stats/teams/?competition=111&season=2025&stat=1000003
2025,Ineffective Tackles,1000003,14,Eels,24,350,14.583,https://www.nrl.com/stats/teams/?competition=111&season=2025&stat=1000003
2025,Ineffective Tackles,1000003,15,Dragons,24,349,14.542,https://www.nrl.com/stats/teams/?competition=111&season=2025&stat=1000003
2025,Ineffective Tackles,1000003,16,Wests Tigers,24,348,14.500,https://www.nrl.com/stats/teams/?competition=111&season=2025&stat=1000003
2025,Ineffective Tackles,1000003,17,Raiders,26,334,12.846,https://www.nrl.com/stats/teams/?competition=111&season=2025&stat=1000003
2025,Interceptions,1000004,1,Titans,24,17,0.708,https://www.nrl.com/stats/teams/?competition=111&season=2025&stat=1000004
2025,Interceptions,1000004,2,Eels,24,17,0.708,https://www.nrl.com/stats/teams/?competition=111&season=2025&stat=1000004
2025,Interceptions,1000004,3,Rabbitohs,24,15,0.625,https://www.nrl.com/stats/teams/?competition=111&season=2025&stat=1000004
2025,Interceptions,1000004,4,Cowboys,24,15,0.625,https://www.nrl.com/stats/teams/?competition=111&season=2025&stat=1000004
2025,Interceptions,1000004,5,Sea Eagles,24,13,0.542,https://www.nrl.com/stats/teams/?competition=111&season=2025&stat=1000004
2025,Interceptions,1000004,6,Storm,27,13,0.481,https://www.nrl.com/stats/teams/?competition=111&season=2025&stat=1000004
2025,Interceptions,1000004,7,Sharks,27,13,0.481,https://www.nrl.com/stats/teams/?competition=111&season=2025&stat=1000004
2025,Interceptions,1000004,8,Bulldogs,26,12,0.462,https://www.nrl.com/stats/teams/?competition=111&season=2025&stat=1000004
2025,Interceptions,1000004,9,Warriors,25,12,0.480,https://www.nrl.com/stats/teams/?competition=111&season=2025&stat=1000004
2025,Interceptions,1000004,10,Broncos,27,11,0.407,https://www.nrl.com/stats/teams/?competition=111&season=2025&stat=1000004
2025,Interceptions,1000004,11,Panthers,27,10,0.370,https://www.nrl.com/stats/teams/?competition=111&season=2025&stat=1000004
2025,Interceptions,1000004,12,Raiders,26,9,0.346,https://www.nrl.com/stats/teams/?competition=111&season=2025&stat=1000004
2025,Interceptions,1000004,13,Roosters,25,6,0.240,https://www.nrl.com/stats/teams/?competition=111&season=2025&stat=1000004
2025,Interceptions,1000004,14,Knights,24,6,0.250,https://www.nrl.com/stats/teams/?competition=111&season=2025&stat=1000004
2025,Interceptions,1000004,15,Wests Tigers,24,6,0.250,https://www.nrl.com/stats/teams/?competition=111&season=2025&stat=1000004
2025,Interceptions,1000004,16,Dolphins,24,5,0.208,https://www.nrl.com/stats/teams/?competition=111&season=2025&stat=1000004
2025,Kick Metres,32,1,Panthers,27,18002,666.741,https://www.nrl.com/stats/teams/?competition=111&season=2025&stat=32
2025,Kick Metres,32,2,Bulldogs,26,17298,665.308,https://www.nrl.com/stats/teams/?competition=111&season=2025&stat=32
2025,Kick Metres,32,3,Rabbitohs,24,17247,718.625,https://www.nrl.com/stats/teams/?competition=111&season=2025&stat=32
2025,Kick Metres,32,4,Broncos,27,16687,618.037,https://www.nrl.com/stats/teams/?competition=111&season=2025&stat=32
2025,Kick Metres,32,5,Sharks,27,16603,614.926,https://www.nrl.com/stats/teams/?competition=111&season=2025&stat=32
2025,Kick Metres,32,6,Storm,27,16510,611.481,https://www.nrl.com/stats/teams/?competition=111&season=2025&stat=32
2025,Kick Metres,32,7,Sea Eagles,24,15231,634.625,https://www.nrl.com/stats/teams/?competition=111&season=2025&stat=32
2025,Kick Metres,32,8,Raiders,26,14910,573.462,https://www.nrl.com/stats/teams/?competition=111&season=2025&stat=32
2025,Kick Metres,32,9,Warriors,25,14839,593.560,https://www.nrl.com/stats/teams/?competition=111&season=2025&stat=32
2025,Kick Metres,32,10,Eels,24,14829,617.875,https://www.nrl.com/stats/teams/?competition=111&season=2025&stat=32
2025,Kick Metres,32,11,Knights,24,14161,590.042,https://www.nrl.com/stats/teams/?competition=111&season=2025&stat=32
2025,Kick Metres,32,12,Dragons,24,14043,585.125,https://www.nrl.com/stats/teams/?competition=111&season=2025&stat=32
2025,Kick Metres,32,13,Roosters,25,13858,554.320,https://www.nrl.com/stats/teams/?competition=111&season=2025&stat=32
2025,Kick Metres,32,14,Titans,24,13711,571.292,https://www.nrl.com/stats/teams/?competition=111&season=2025&stat=32
2025,Kick Metres,32,15,Wests Tigers,24,13086,545.250,https://www.nrl.com/stats/teams/?competition=111&season=2025&stat=32
2025,Kick Metres,32,16,Dolphins,24,13046,543.583,https://www.nrl.com/stats/teams/?competition=111&season=2025&stat=32
2025,Kick Metres,32,17,Cowboys,24,12840,535.000,https://www.nrl.com/stats/teams/?competition=111&season=2025&stat=32
2025,Kick Return Meteres,78,1,Panthers,27,5520,204.444,https://www.nrl.com/stats/teams/?competition=111&season=2025&stat=78
2025,Kick Return Meteres,78,2,Bulldogs,26,5114,196.692,https://www.nrl.com/stats/teams/?competition=111&season=2025&stat=78
2025,Kick Return Meteres,78,3,Broncos,27,4767,176.556,https://www.nrl.com/stats/teams/?competition=111&season=2025&stat=78
2025,Kick Return Meteres,78,4,Sharks,27,4766,176.519,https://www.nrl.com/stats/teams/?competition=111&season=2025&stat=78
2025,Kick Return Meteres,78,5,Raiders,26,4697,180.654,https://www.nrl.com/stats/teams/?competition=111&season=2025&stat=78
2025,Kick Return Meteres,78,6,Storm,27,4442,164.519,https://www.nrl.com/stats/teams/?competition=111&season=2025&stat=78
2025,Kick Return Meteres,78,7,Roosters,25,4385,175.400,https://www.nrl.com/stats/teams/?competition=111&season=2025&stat=78
2025,Kick Return Meteres,78,8,Warriors,25,4241,169.640,https://www.nrl.com/stats/teams/?competition=111&season=2025&stat=78
2025,Kick Return Meteres,78,9,Cowboys,24,4143,172.625,https://www.nrl.com/stats/teams/?competition=111&season=2025&stat=78
2025,Kick Return Meteres,78,10,Eels,24,4109,171.208,https://www.nrl.com/stats/teams/?competition=111&season=2025&stat=78
2025,Kick Return Meteres,78,11,Dolphins,24,4105,171.042,https://www.nrl.com/stats/teams/?competition=111&season=2025&stat=78
2025,Kick Return Meteres,78,12,Sea Eagles,24,4067,169.458,https://www.nrl.com/stats/teams/?competition=111&season=2025&stat=78
2025,Kick Return Meteres,78,13,Knights,24,3884,161.833,https://www.nrl.com/stats/teams/?competition=111&season=2025&stat=78
2025,Kick Return Meteres,78,14,Titans,24,3648,152.000,https://www.nrl.com/stats/teams/?competition=111&season=2025&stat=78
2025,Kick Return Meteres,78,15,Rabbitohs,24,3464,144.333,https://www.nrl.com/stats/teams/?competition=111&season=2025&stat=78
2025,Kick Return Meteres,78,16,Dragons,24,3252,135.500,https://www.nrl.com/stats/teams/?competition=111&season=2025&stat=78
2025,Kick Return Meteres,78,17,Wests Tigers,24,3244,135.167,https://www.nrl.com/stats/teams/?competition=111&season=2025&stat=78
2025,Line Break Assists,31,1,Broncos,27,120,4.444,https://www.nrl.com/stats/teams/?competition=111&season=2025&stat=31
2025,Line Break Assists,31,2,Dolphins,24,109,4.542,https://www.nrl.com/stats/teams/?competition=111&season=2025&stat=31
2025,Line Break Assists,31,3,Panthers,27,108,4.000,https://www.nrl.com/stats/teams/?competition=111&season=2025&stat=31
2025,Line Break Assists,31,4,Sharks,27,106,3.926,https://www.nrl.com/stats/teams/?competition=111&season=2025&stat=31
2025,Line Break Assists,31,5,Roosters,25,104,4.160,https://www.nrl.com/stats/teams/?competition=111&season=2025&stat=31
2025,Line Break Assists,31,6,Bulldogs,26,97,3.731,https://www.nrl.com/stats/teams/?competition=111&season=2025&stat=31
2025,Line Break Assists,31,7,Sea Eagles,24,95,3.958,https://www.nrl.com/stats/teams/?competition=111&season=2025&stat=31
2025,Line Break Assists,31,8,Raiders,26,94,3.615,https://www.nrl.com/stats/teams/?competition=111&season=2025&stat=31
2025,Line Break Assists,31,9,Dragons,24,94,3.917,https://www.nrl.com/stats/teams/?competition=111&season=2025&stat=31
2025,Line Break Assists,31,10,Storm,27,89,3.296,https://www.nrl.com/stats/teams/?competition=111&season=2025&stat=31
2025,Line Break Assists,31,11,Cowboys,24,86,3.583,https://www.nrl.com/stats/teams/?competition=111&season=2025&stat=31
2025,Line Break Assists,31,12,Eels,24,85,3.542,https://www.nrl.com/stats/teams/?competition=111&season=2025&stat=31
2025,Line Break Assists,31,13,Knights,24,76,3.167,https://www.nrl.com/stats/teams/?competition=111&season=2025&stat=31
2025,Line Break Assists,31,14,Titans,24,72,3.000,https://www.nrl.com/stats/teams/?competition=111&season=2025&stat=31
2025,Line Break Assists,31,15,Rabbitohs,24,71,2.958,https://www.nrl.com/stats/teams/?competition=111&season=2025&stat=31
2025,Line Break Assists,31,16,Wests Tigers,24,65,2.708,https://www.nrl.com/stats/teams/?competition=111&season=2025&stat=31
2025,Line Break Assists,31,17,Warriors,25,65,2.600,https://www.nrl.com/stats/teams/?competition=111&season=2025&stat=31
2025,Linebreaks,30,1,Broncos,27,163,6.037,https://www.nrl.com/stats/teams/?competition=111&season=2025&stat=30
2025,Linebreaks,30,2,Panthers,27,145,5.370,https://www.nrl.com/stats/teams/?competition=111&season=2025&stat=30
2025,Linebreaks,30,3,Dolphins,24,141,5.875,https://www.nrl.com/stats/teams/?competition=111&season=2025&stat=30
2025,Linebreaks,30,4,Raiders,26,136,5.231,https://www.nrl.com/stats/teams/?competition=111&season=2025&stat=30
2025,Linebreaks,30,5,Bulldogs,26,133,5.115,https://www.nrl.com/stats/teams/?competition=111&season=2025&stat=30
2025,Linebreaks,30,6,Roosters,25,128,5.120,https://www.nrl.com/stats/teams/?competition=111&season=2025&stat=30
2025,Linebreaks,30,7,Sharks,27,127,4.704,https://www.nrl.com/stats/teams/?competition=111&season=2025&stat=30
2025,Linebreaks,30,8,Sea Eagles,24,126,5.250,https://www.nrl.com/stats/teams/?competition=111&season=2025&stat=30
2025,Linebreaks,30,9,Storm,27,126,4.667,https://www.nrl.com/stats/teams/?competition=111&season=2025&stat=30
2025,Linebreaks,30,10,Dragons,24,116,4.833,https://www.nrl.com/stats/teams/?competition=111&season=2025&stat=30
2025,Linebreaks,30,11,Cowboys,24,115,4.792,https://www.nrl.com/stats/teams/?competition=111&season=2025&stat=30
2025,Linebreaks,30,12,Eels,24,113,4.708,https://www.nrl.com/stats/teams/?competition=111&season=2025&stat=30
2025,Linebreaks,30,13,Knights,24,104,4.333,https://www.nrl.com/stats/teams/?competition=111&season=2025&stat=30
2025,Linebreaks,30,14,Titans,24,101,4.208,https://www.nrl.com/stats/teams/?competition=111&season=2025&stat=30
2025,Linebreaks,30,15,Warriors,25,97,3.880,https://www.nrl.com/stats/teams/?competition=111&season=2025&stat=30
2025,Linebreaks,30,16,Wests Tigers,24,94,3.917,https://www.nrl.com/stats/teams/?competition=111&season=2025&stat=30
2025,Linebreaks,30,17,Rabbitohs,24,92,3.833,https://www.nrl.com/stats/teams/?competition=111&season=2025&stat=30
2025,Missed Tackles,4,1,Panthers,27,960,35.556,https://www.nrl.com/stats/teams/?competition=111&season=2025&stat=4
2025,Missed Tackles,4,2,Bulldogs,26,882,33.923,https://www.nrl.com/stats/teams/?competition=111&season=2025&stat=4
2025,Missed Tackles,4,3,Rabbitohs,24,870,36.250,https://www.nrl.com/stats/teams/?competition=111&season=2025&stat=4
2025,Missed Tackles,4,4,Wests Tigers,24,863,35.958,https://www.nrl.com/stats/teams/?competition=111&season=2025&stat=4
2025,Missed Tackles,4,5,Knights,24,844,35.167,https://www.nrl.com/stats/teams/?competition=111&season=2025&stat=4
2025,Missed Tackles,4,6,Cowboys,24,837,34.875,https://www.nrl.com/stats/teams/?competition=111&season=2025&stat=4
2025,Missed Tackles,4,7,Warriors,25,825,33.000,https://www.nrl.com/stats/teams/?competition=111&season=2025&stat=4
2025,Missed Tackles,4,8,Sharks,27,820,30.370,https://www.nrl.com/stats/teams/?competition=111&season=2025&stat=4
2025,Missed Tackles,4,9,Titans,24,819,34.125,https://www.nrl.com/stats/teams/?competition=111&season=2025&stat=4
2025,Missed Tackles,4,10,Broncos,27,815,30.185,https://www.nrl.com/stats/teams/?competition=111&season=2025&stat=4
2025,Missed Tackles,4,11,Raiders,26,815,31.346,https://www.nrl.com/stats/teams/?competition=111&season=2025&stat=4
2025,Missed Tackles,4,12,Dolphins,24,799,33.292,https://www.nrl.com/stats/teams/?competition=111&season=2025&stat=4
2025,Missed Tackles,4,13,Eels,24,791,32.958,https://www.nrl.com/stats/teams/?competition=111&season=2025&stat=4
2025,Missed Tackles,4,14,Storm,27,771,28.556,https://www.nrl.com/stats/teams/?competition=111&season=2025&stat=4
2025,Missed Tackles,4,15,Sea Eagles,24,761,31.708,https://www.nrl.com/stats/teams/?competition=111&season=2025&stat=4
2025,Missed Tackles,4,16,Roosters,25,672,26.880,https://www.nrl.com/stats/teams/?competition=111&season=2025&stat=4
2025,Missed Tackles,4,17,Dragons,24,610,25.417,https://www.nrl.com/stats/teams/?competition=111&season=2025&stat=4
2025,Offloads,28,1,Storm,27,284,10.519,https://www.nrl.com/stats/teams/?competition=111&season=2025&stat=28
2025,Offloads,28,2,Raiders,26,280,10.769,https://www.nrl.com/stats/teams/?competition=111&season=2025&stat=28
2025,Offloads,28,3,Wests Tigers,24,276,11.500,https://www.nrl.com/stats/teams/?competition=111&season=2025&stat=28
2025,Offloads,28,4,Bulldogs,26,273,10.500,https://www.nrl.com/stats/teams/?competition=111&season=2025&stat=28
2025,Offloads,28,5,Roosters,25,256,10.240,https://www.nrl.com/stats/teams/?competition=111&season=2025&stat=28
2025,Offloads,28,6,Panthers,27,253,9.370,https://www.nrl.com/stats/teams/?competition=111&season=2025&stat=28
2025,Offloads,28,7,Broncos,27,249,9.222,https://www.nrl.com/stats/teams/?competition=111&season=2025&stat=28
2025,Offloads,28,8,Dragons,24,249,10.375,https://www.nrl.com/stats/teams/?competition=111&season=2025&stat=28
2025,Offloads,28,9,Knights,24,245,10.208,https://www.nrl.com/stats/teams/?competition=111&season=2025&stat=28
2025,Offloads,28,10,Eels,24,239,9.958,https://www.nrl.com/stats/teams/?competition=111&season=2025&stat=28
2025,Offloads,28,11,Titans,24,236,9.833,https://www.nrl.com/stats/teams/?competition=111&season=2025&stat=28
2025,Offloads,28,12,Sharks,27,232,8.593,https://www.nrl.com/stats/teams/?competition=111&season=2025&stat=28
2025,Offloads,28,13,Dolphins,24,205,8.542,https://www.nrl.com/stats/teams/?competition=111&season=2025&stat=28
2025,Offloads,28,14,Cowboys,24,197,8.208,https://www.nrl.com/stats/teams/?competition=111&season=2025&stat=28
2025,Offloads,28,15,Warriors,25,193,7.720,https://www.nrl.com/stats/teams/?competition=111&season=2025&stat=28
2025,Offloads,28,16,Sea Eagles,24,188,7.833,https://www.nrl.com/stats/teams/?competition=111&season=2025&stat=28
2025,Offloads,28,17,Rabbitohs,24,146,6.083,https://www.nrl.com/stats/teams/?competition=111&season=2025&stat=28
2025,PCMs,1000112,1,Storm,27,15149,561.074,https://www.nrl.com/stats/teams/?competition=111&season=2025&stat=1000112
2025,PCMs,1000112,2,Panthers,27,15118,559.926,https://www.nrl.com/stats/teams/?competition=111&season=2025&stat=1000112
2025,PCMs,1000112,3,Raiders,26,15022,577.769,https://www.nrl.com/stats/teams/?competition=111&season=2025&stat=1000112
2025,PCMs,1000112,4,Sharks,27,14840,549.630,https://www.nrl.com/stats/teams/?competition=111&season=2025&stat=1000112
2025,PCMs,1000112,5,Broncos,27,14402,533.407,https://www.nrl.com/stats/teams/?competition=111&season=2025&stat=1000112
2025,PCMs,1000112,6,Warriors,25,14196,567.840,https://www.nrl.com/stats/teams/?competition=111&season=2025&stat=1000112
2025,PCMs,1000112,7,Bulldogs,26,13695,526.731,https://www.nrl.com/stats/teams/?competition=111&season=2025&stat=1000112
2025,PCMs,1000112,8,Roosters,25,13554,542.160,https://www.nrl.com/stats/teams/?competition=111&season=2025&stat=1000112
2025,PCMs,1000112,9,Titans,24,13278,553.250,https://www.nrl.com/stats/teams/?competition=111&season=2025&stat=1000112
2025,PCMs,1000112,10,Dragons,24,13239,551.625,https://www.nrl.com/stats/teams/?competition=111&season=2025&stat=1000112
2025,PCMs,1000112,11,Sea Eagles,24,13174,548.917,https://www.nrl.com/stats/teams/?competition=111&season=2025&stat=1000112
2025,PCMs,1000112,12,Knights,24,13141,547.542,https://www.nrl.com/stats/teams/?competition=111&season=2025&stat=1000112
2025,PCMs,1000112,13,Wests Tigers,24,13107,546.125,https://www.nrl.com/stats/teams/?competition=111&season=2025&stat=1000112
2025,PCMs,1000112,14,Dolphins,24,13031,542.958,https://www.nrl.com/stats/teams/?competition=111&season=2025&stat=1000112
2025,PCMs,1000112,15,Cowboys,24,12668,527.833,https://www.nrl.com/stats/teams/?competition=111&season=2025&stat=1000112
2025,PCMs,1000112,16,Eels,24,12289,512.042,https://www.nrl.com/stats/teams/?competition=111&season=2025&stat=1000112
2025,PCMs,1000112,17,Rabbitohs,24,12156,506.500,https://www.nrl.com/stats/teams/?competition=111&season=2025&stat=1000112
2025,Penalties,1000026,1,Broncos,27,173,6.407,https://www.nrl.com/stats/teams/?competition=111&season=2025&stat=1000026
2025,Penalties,1000026,2,Bulldogs,26,161,6.192,https://www.nrl.com/stats/teams/?competition=111&season=2025&stat=1000026
2025,Penalties,1000026,3,Storm,27,153,5.667,https://www.nrl.com/stats/teams/?competition=111&season=2025&stat=1000026
2025,Penalties,1000026,4,Sharks,27,148,5.481,https://www.nrl.com/stats/teams/?competition=111&season=2025&stat=1000026
2025,Penalties,1000026,5,Panthers,27,145,5.370,https://www.nrl.com/stats/teams/?competition=111&season=2025&stat=1000026
2025,Penalties,1000026,6,Raiders,26,144,5.538,https://www.nrl.com/stats/teams/?competition=111&season=2025&stat=1000026
2025,Penalties,1000026,7,Roosters,25,135,5.400,https://www.nrl.com/stats/teams/?competition=111&season=2025&stat=1000026
2025,Penalties,1000026,8,Sea Eagles,24,132,5.500,https://www.nrl.com/stats/teams/?competition=111&season=2025&stat=1000026
2025,Penalties,1000026,9,Eels,24,131,5.458,https://www.nrl.com/stats/teams/?competition=111&season=2025&stat=1000026
2025,Penalties,1000026,10,Wests Tigers,24,129,5.375,https://www.nrl.com/stats/teams/?competition=111&season=2025&stat=1000026
2025,Penalties,1000026,11,Dragons,24,126,5.250,https://www.nrl.com/stats/teams/?competition=111&season=2025&stat=1000026
2025,Penalties,1000026,12,Warriors,25,126,5.040,https://www.nrl.com/stats/teams/?competition=111&season=2025&stat=1000026
2025,Penalties,1000026,13,Knights,24,123,5.125,https://www.nrl.com/stats/teams/?competition=111&season=2025&stat=1000026
2025,Penalties,1000026,14,Rabbitohs,24,122,5.083,https://www.nrl.com/stats/teams/?competition=111&season=2025&stat=1000026
2025,Penalties,1000026,15,Cowboys,24,122,5.083,https://www.nrl.com/stats/teams/?competition=111&season=2025&stat=1000026
2025,Penalties,1000026,16,Titans,24,119,4.958,https://www.nrl.com/stats/teams/?competition=111&season=2025&stat=1000026
2025,Penalties,1000026,17,Dolphins,24,116,4.833,https://www.nrl.com/stats/teams/?competition=111&season=2025&stat=1000026
2025,Points,76,1,Broncos,27,751,27.815,https://www.nrl.com/stats/teams/?competition=111&season=2025&stat=76
2025,Points,76,2,Storm,27,741,27.444,https://www.nrl.com/stats/teams/?competition=111&season=2025&stat=76
2025,Points,76,3,Dolphins,24,721,30.042,https://www.nrl.com/stats/teams/?competition=111&season=2025&stat=76
2025,Points,76,4,Raiders,26,694,26.692,https://www.nrl.com/stats/teams/?competition=111&season=2025&stat=76
2025,Points,76,5,Sharks,27,665,24.630,https://www.nrl.com/stats/teams/?competition=111&season=2025&stat=76
2025,Points,76,6,Roosters,25,663,26.520,https://www.nrl.com/stats/teams/?competition=111&season=2025&stat=76
2025,Points,76,7,Panthers,27,660,24.444,https://www.nrl.com/stats/teams/?competition=111&season=2025&stat=76
2025,Points,76,8,Bulldogs,26,578,22.231,https://www.nrl.com/stats/teams/?competition=111&season=2025&stat=76
2025,Points,76,9,Sea Eagles,24,555,23.125,https://www.nrl.com/stats/teams/?competition=111&season=2025&stat=76
2025,Points,76,10,Cowboys,24,538,22.417,https://www.nrl.com/stats/teams/?competition=111&season=2025&stat=76
2025,Points,76,11,Warriors,25,525,21.000,https://www.nrl.com/stats/teams/?competition=111&season=2025&stat=76
2025,Points,76,12,Titans,24,520,21.667,https://www.nrl.com/stats/teams/?competition=111&season=2025&stat=76
2025,Points,76,13,Eels,24,502,20.917,https://www.nrl.com/stats/teams/?competition=111&season=2025&stat=76
2025,Points,76,14,Dragons,24,498,20.750,https://www.nrl.com/stats/teams/?competition=111&season=2025&stat=76
2025,Points,76,15,Wests Tigers,24,477,19.875,https://www.nrl.com/stats/teams/?competition=111&season=2025&stat=76
2025,Points,76,16,Rabbitohs,24,427,17.792,https://www.nrl.com/stats/teams/?competition=111&season=2025&stat=76
2025,Points,76,17,Knights,24,338,14.083,https://www.nrl.com/stats/teams/?competition=111&season=2025&stat=76
2025,Run Metres,1000037,1,Panthers,27,47882,1773.407,https://www.nrl.com/stats/teams/?competition=111&season=2025&stat=1000037
2025,Run Metres,1000037,2,Sharks,27,46312,1715.259,https://www.nrl.com/stats/teams/?competition=111&season=2025&stat=1000037
2025,Run Metres,1000037,3,Storm,27,45770,1695.185,https://www.nrl.com/stats/teams/?competition=111&season=2025&stat=1000037
2025,Run Metres,1000037,4,Broncos,27,44713,1656.037,https://www.nrl.com/stats/teams/?competition=111&season=2025&stat=1000037
2025,Run Metres,1000037,5,Bulldogs,26,43965,1690.962,https://www.nrl.com/stats/teams/?competition=111&season=2025&stat=1000037
2025,Run Metres,1000037,6,Raiders,26,43385,1668.654,https://www.nrl.com/stats/teams/?competition=111&season=2025&stat=1000037
2025,Run Metres,1000037,7,Dolphins,24,42080,1753.333,https://www.nrl.com/stats/teams/?competition=111&season=2025&stat=1000037
2025,Run Metres,1000037,8,Warriors,25,41637,1665.480,https://www.nrl.com/stats/teams/?competition=111&season=2025&stat=1000037
2025,Run Metres,1000037,9,Cowboys,24,41026,1709.417,https://www.nrl.com/stats/teams/?competition=111&season=2025&stat=1000037
2025,Run Metres,1000037,10,Sea Eagles,24,40532,1688.833,https://www.nrl.com/stats/teams/?competition=111&season=2025&stat=1000037
2025,Run Metres,1000037,11,Roosters,25,40228,1609.120,https://www.nrl.com/stats/teams/?competition=111&season=2025&stat=1000037
2025,Run Metres,1000037,12,Knights,24,39627,1651.125,https://www.nrl.com/stats/teams/?competition=111&season=2025&stat=1000037
2025,Run Metres,1000037,13,Dragons,24,39483,1645.125,https://www.nrl.com/stats/teams/?competition=111&season=2025&stat=1000037
2025,Run Metres,1000037,14,Eels,24,39019,1625.792,https://www.nrl.com/stats/teams/?competition=111&season=2025&stat=1000037
2025,Run Metres,1000037,15,Wests Tigers,24,38933,1622.208,https://www.nrl.com/stats/teams/?competition=111&season=2025&stat=1000037
2025,Run Metres,1000037,16,Titans,24,38927,1621.958,https://www.nrl.com/stats/teams/?competition=111&season=2025&stat=1000037
2025,Run Metres,1000037,17,Rabbitohs,24,37221,1550.875,https://www.nrl.com/stats/teams/?competition=111&season=2025&stat=1000037
2025,Tackle Breaks,29,1,Broncos,27,1051,38.926,https://www.nrl.com/stats/teams/?competition=111&season=2025&stat=29
2025,Tackle Breaks,29,2,Raiders,26,941,36.192,https://www.nrl.com/stats/teams/?competition=111&season=2025&stat=29
2025,Tackle Breaks,29,3,Panthers,27,918,34.000,https://www.nrl.com/stats/teams/?competition=111&season=2025&stat=29
2025,Tackle Breaks,29,4,Roosters,25,916,36.640,https://www.nrl.com/stats/teams/?competition=111&season=2025&stat=29
2025,Tackle Breaks,29,5,Storm,27,907,33.593,https://www.nrl.com/stats/teams/?competition=111&season=2025&stat=29
2025,Tackle Breaks,29,6,Sharks,27,898,33.259,https://www.nrl.com/stats/teams/?competition=111&season=2025&stat=29
2025,Tackle Breaks,29,7,Knights,24,848,35.333,https://www.nrl.com/stats/teams/?competition=111&season=2025&stat=29
2025,Tackle Breaks,29,8,Bulldogs,26,802,30.846,https://www.nrl.com/stats/teams/?competition=111&season=2025&stat=29
2025,Tackle Breaks,29,9,Wests Tigers,24,787,32.792,https://www.nrl.com/stats/teams/?competition=111&season=2025&stat=29
2025,Tackle Breaks,29,10,Cowboys,24,765,31.875,https://www.nrl.com/stats/teams/?competition=111&season=2025&stat=29
2025,Tackle Breaks,29,11,Warriors,25,759,30.360,https://www.nrl.com/stats/teams/?competition=111&season=2025&stat=29
2025,Tackle Breaks,29,12,Dolphins,24,746,31.083,https://www.nrl.com/stats/teams/?competition=111&season=2025&stat=29
2025,Tackle Breaks,29,13,Eels,24,724,30.167,https://www.nrl.com/stats/teams/?competition=111&season=2025&stat=29
2025,Tackle Breaks,29,14,Titans,24,721,30.042,https://www.nrl.com/stats/teams/?competition=111&season=2025&stat=29
2025,Tackle Breaks,29,15,Sea Eagles,24,691,28.792,https://www.nrl.com/stats/teams/?competition=111&season=2025&stat=29
2025,Tackle Breaks,29,16,Dragons,24,659,27.458,https://www.nrl.com/stats/teams/?competition=111&season=2025&stat=29
2025,Tackle Breaks,29,17,Rabbitohs,24,620,25.833,https://www.nrl.com/stats/teams/?competition=111&season=2025&stat=29
2025,Tackles,3,1,Panthers,27,10157,376.185,https://www.nrl.com/stats/teams/?competition=111&season=2025&stat=3
2025,Tackles,3,2,Knights,24,9273,386.375,https://www.nrl.com/stats/teams/?competition=111&season=2025&stat=3
2025,Tackles,3,3,Sharks,27,9257,342.852,https://www.nrl.com/stats/teams/?competition=111&season=2025&stat=3
2025,Tackles,3,4,Broncos,27,9154,339.037,https://www.nrl.com/stats/teams/?competition=111&season=2025&stat=3
2025,Tackles,3,5,Bulldogs,26,9123,350.885,https://www.nrl.com/stats/teams/?competition=111&season=2025&stat=3
2025,Tackles,3,6,Raiders,26,9076,349.077,https://www.nrl.com/stats/teams/?competition=111&season=2025&stat=3
2025,Tackles,3,7,Warriors,25,8988,359.520,https://www.nrl.com/stats/teams/?competition=111&season=2025&stat=3
2025,Tackles,3,8,Storm,27,8898,329.556,https://www.nrl.com/stats/teams/?competition=111&season=2025&stat=3
2025,Tackles,3,9,Roosters,25,8729,349.160,https://www.nrl.com/stats/teams/?competition=111&season=2025&stat=3
2025,Tackles,3,10,Dragons,24,8710,362.917,https://www.nrl.com/stats/teams/?competition=111&season=2025&stat=3
2025,Tackles,3,11,Rabbitohs,24,8549,356.208,https://www.nrl.com/stats/teams/?competition=111&season=2025&stat=3
2025,Tackles,3,12,Eels,24,8344,347.667,https://www.nrl.com/stats/teams/?competition=111&season=2025&stat=3
2025,Tackles,3,13,Cowboys,24,8342,347.583,https://www.nrl.com/stats/teams/?competition=111&season=2025&stat=3
2025,Tackles,3,14,Dolphins,24,8297,345.708,https://www.nrl.com/stats/teams/?competition=111&season=2025&stat=3
2025,Tackles,3,15,Titans,24,8185,341.042,https://www.nrl.com/stats/teams/?competition=111&season=2025&stat=3
2025,Tackles,3,16,Sea Eagles,24,8016,334.000,https://www.nrl.com/stats/teams/?competition=111&season=2025&stat=3
2025,Tackles,3,17,Wests Tigers,24,7997,333.208,https://www.nrl.com/stats/teams/?competition=111&season=2025&stat=3
2025,Tries,38,1,Storm,27,129,4.778,https://www.nrl.com/stats/teams/?competition=111&season=2025&stat=38
2025,Tries,38,2,Broncos,27,127,4.704,https://www.nrl.com/stats/teams/?competition=111&season=2025&stat=38
2025,Tries,38,3,Dolphins,24,121,5.042,https://www.nrl.com/stats/teams/?competition=111&season=2025&stat=38
2025,Tries,38,4,Raiders,26,120,4.615,https://www.nrl.com/stats/teams/?competition=111&season=2025&stat=38
2025,Tries,38,5,Sharks,27,115,4.259,https://www.nrl.com/stats/teams/?competition=111&season=2025&stat=38
2025,Tries,38,6,Roosters,25,114,4.560,https://www.nrl.com/stats/teams/?competition=111&season=2025&stat=38
2025,Tries,38,7,Panthers,27,113,4.185,https://www.nrl.com/stats/teams/?competition=111&season=2025&stat=38
2025,Tries,38,8,Bulldogs,26,99,3.808,https://www.nrl.com/stats/teams/?competition=111&season=2025&stat=38
2025,Tries,38,9,Sea Eagles,24,97,4.042,https://www.nrl.com/stats/teams/?competition=111&season=2025&stat=38
2025,Tries,38,10,Cowboys,24,94,3.917,https://www.nrl.com/stats/teams/?competition=111&season=2025&stat=38
2025,Tries,38,11,Titans,24,92,3.833,https://www.nrl.com/stats/teams/?competition=111&season=2025&stat=38
2025,Tries,38,12,Warriors,25,92,3.680,https://www.nrl.com/stats/teams/?competition=111&season=2025&stat=38
2025,Tries,38,13,Eels,24,89,3.708,https://www.nrl.com/stats/teams/?competition=111&season=2025&stat=38
2025,Tries,38,14,Dragons,24,86,3.583,https://www.nrl.com/stats/teams/?competition=111&season=2025&stat=38
2025,Tries,38,15,Wests Tigers,24,83,3.458,https://www.nrl.com/stats/teams/?competition=111&season=2025&stat=38
2025,Tries,38,16,Rabbitohs,24,77,3.208,https://www.nrl.com/stats/teams/?competition=111&season=2025&stat=38
2025,Tries,38,17,Knights,24,61,2.542,https://www.nrl.com/stats/teams/?competition=111&season=2025&stat=38
2025,Try Assists,35,1,Storm,27,108,4.000,https://www.nrl.com/stats/teams/?competition=111&season=2025&stat=35
2025,Try Assists,35,2,Broncos,27,105,3.889,https://www.nrl.com/stats/teams/?competition=111&season=2025&stat=35
2025,Try Assists,35,3,Roosters,25,100,4.000,https://www.nrl.com/stats/teams/?competition=111&season=2025&stat=35
2025,Try Assists,35,4,Dolphins,24,97,4.042,https://www.nrl.com/stats/teams/?competition=111&season=2025&stat=35
2025,Try Assists,35,5,Raiders,26,95,3.654,https://www.nrl.com/stats/teams/?competition=111&season=2025&stat=35
2025,Try Assists,35,6,Sharks,27,95,3.519,https://www.nrl.com/stats/teams/?competition=111&season=2025&stat=35
2025,Try Assists,35,7,Panthers,27,90,3.333,https://www.nrl.com/stats/teams/?competition=111&season=2025&stat=35
2025,Try Assists,35,8,Bulldogs,26,81,3.115,https://www.nrl.com/stats/teams/?competition=111&season=2025&stat=35
2025,Try Assists,35,9,Sea Eagles,24,79,3.292,https://www.nrl.com/stats/teams/?competition=111&season=2025&stat=35
2025,Try Assists,35,10,Cowboys,24,77,3.208,https://www.nrl.com/stats/teams/?competition=111&season=2025&stat=35
2025,Try Assists,35,11,Titans,24,74,3.083,https://www.nrl.com/stats/teams/?competition=111&season=2025&stat=35
2025,Try Assists,35,12,Eels,24,73,3.042,https://www.nrl.com/stats/teams/?competition=111&season=2025&stat=35
2025,Try Assists,35,13,Dragons,24,71,2.958,https://www.nrl.com/stats/teams/?competition=111&season=2025&stat=35
2025,Try Assists,35,14,Warriors,25,67,2.680,https://www.nrl.com/stats/teams/?competition=111&season=2025&stat=35
2025,Try Assists,35,15,Wests Tigers,24,65,2.708,https://www.nrl.com/stats/teams/?competition=111&season=2025&stat=35
2025,Try Assists,35,16,Rabbitohs,24,62,2.583,https://www.nrl.com/stats/teams/?competition=111&season=2025&stat=35
2025,Try Assists,35,17,Knights,24,53,2.208,https://www.nrl.com/stats/teams/?competition=111&season=2025&stat=35
